code	lc	product_name_en	product_name_fr	product_name_hu	product_name_sk	generic_name_en	quantity	serving_size	packaging	packaging_tags	brands	brands_tags	brand_owner	categories	categories_tags	labels	labels_tags	countries	countries_tags	stores	stores_tags	obsolete	obsolete_since_date	origins	origins_tags	origin_en	manufacturing_places	manufacturing_places_tags	emb_codes	emb_codes_tags	ingredients_text_en	allergens	allergens_tags	traces	traces_tags	nutrition_data_per	nutrition_data_prepared_per	energy-kcal_value	energy-kcal_unit	fat_value	fat_unit	saturated-fat_value	saturated-fat_unit	carbohydrates_value	carbohydrates_unit	sugars_value	sugars_unit	fiber_value	fiber_unit	proteins_value	proteins_unit	salt_value	salt_unit	sodium_value	sodium_unit	alcohol_value	alcohol_unit	energy_value	energy_unit	energy-from-fat_value	energy-from-fat_unit	monounsaturated-fat_value	monounsaturated-fat_unit	polyunsaturated-fat_value	polyunsaturated-fat_unit	trans-fat_value	trans-fat_unit	cholesterol_value	cholesterol_unit	added-sugars_value	added-sugars_unit	starch_value	starch_unit	soluble-fiber_value	soluble-fiber_unit	insoluble-fiber_value	insoluble-fiber_unit	vitamin-a_value	vitamin-a_unit	vitamin-d_value	vitamin-d_unit	vitamin-e_value	vitamin-e_unit	vitamin-k_value	vitamin-k_unit	vitamin-c_value	vitamin-c_unit	vitamin-b1_value	vitamin-b1_unit	vitamin-b2_value	vitamin-b2_unit	vitamin-pp_value	vitamin-pp_unit	vitamin-b6_value	vitamin-b6_unit	vitamin-b9_value	vitamin-b9_unit	folates_value	folates_unit	vitamin-b12_value	vitamin-b12_unit	potassium_value	potassium_unit	calcium_value	calcium_unit	phosphorus_value	phosphorus_unit	iron_value	iron_unit	magnesium_value	magnesium_unit	zinc_value	zinc_unit	copper_value	copper_unit	manganese_value	manganese_unit	selenium_value	selenium_unit	iodine_value	iodine_unit	caffeine_value	caffeine_unit	choline_value	choline_unit	phylloquinone_value	phylloquinone_unit	packaging_1_number_of_units	packaging_1_shape	packaging_1_material	packaging_1_recycling	packaging_1_quantity_per_unit	packaging_2_number_of_units	packaging_2_shape	packaging_2_material	packaging_2_recycling	packaging_2_quantity_per_unit	packaging_3_shape	link	off:food_groups	off:food_groups_tags	off:nova_groups	off:nova_groups_tags	off:nutriscore_grade	off:nutriscore_score	off:environmental_score_grade	off:environmental_score_score	off:environmental_score_data.missing_key_data	off:environmental_score_data.agribalyse.code	off:environmental_score_data.adjustments.origins_of_ingredients.value	off:environmental_score_data.adjustments.packaging.value	off:environmental_score_data.adjustments.packaging.non_recyclable_and_non_biodegradable_materials	off:environmental_score_data.adjustments.production_system.value	off:environmental_score_data.adjustments.threatened_species.value	sources_fields:org-database-usda:available_date	sources_fields:org-database-usda:fdc_category	sources_fields:org-database-usda:fdc_data_source	sources_fields:org-database-usda:fdc_id	sources_fields:org-database-usda:modified_date	sources_fields:org-database-usda:publication_date	data_sources
0044000045753	en	fresh stacks the original					17.8oz	5 crackers (16 g)			RITZ	xx:ritz	Mondelez Int. US (0074819091009)	Snacks, Salty snacks, Sweet snacks, Appetizers, Biscuits and cakes, Biscuits and crackers, Biscuits, Crackers (Appetizers)	en:snacks,en:salty-snacks,en:sweet-snacks,en:appetizers,en:biscuits-and-cakes,en:biscuits-and-crackers,en:biscuits,en:crackers-appetizers			United States	en:united-states	Safeway,Target	safeway,target	0									UNBLEACHED ENRICHED FLOUR (WHEAT FLOUR, NIACIN, REDUCED IRON, THIAMINE MONONITRATE (VITAMIN B1), RIBOFLAVIN (VITAMIN B2), FOLIC ACID), SOYBEAN OIL, CANOLA OIL, PALM OIL, SUGAR,  SALT, LEAVENING (CALCIUM PHOSPHATE, BAKING SODA), HIGH FRUCTOSE CORN SYRUP, SOY LECITHIN, NATURAL FLAVOR.	Gluten, Soybeans	en:gluten,en:soybeans			serving	100g	80	kcal	4.496	g	1.501	g	10	g	1	g			0.4992	g	0.3248	g	0.12992	g			80	kcal											6.25	g	0	g					0	µg			0	mg	0	µg	0	mg	0	mg	0	mg			0	mg	0	µg			0	µg	0.01	g	0.02	g	0	mg	0.6	mg	0	mg	0	mg	0	mg	0	mg	0	µg			0	mg	0	mg															en:biscuits-and-cakes	en:sugary-snacks,en:biscuits-and-cakes	4	en:4-ultra-processed-food-and-drink-products	e	26	c	59	1	38402	-5	-15		0	-10	2018-05-21T00:00:00Z	Biscuits/Cookies	GDSN	771290	2018-02-05T00:00:00Z	2020-02-27T00:00:00Z	Databases, database-usda, App - InFood, Apps, App - macrofactor, App - caloriecounterapp
0044000031138	en	fresh stacks the original					11.8oz	5 crackers (16 g) (16 g)	Box, Paper-box	en:box,en:paper-box	RITZ	xx:ritz	Mondelez Int. US (0074819091009)	Snacks, Salty snacks, Sweet snacks, Appetizers, Biscuits and cakes, Biscuits and crackers, Biscuits, Crackers (Appetizers)	en:snacks,en:salty-snacks,en:sweet-snacks,en:appetizers,en:biscuits-and-cakes,en:biscuits-and-crackers,en:biscuits,en:crackers-appetizers			United States	en:united-states	Target	target	0									unbleached enriched flour (wheat flour, niacin, reduced iron, thiamine mononitrate {vitamin b1}, riboflavin {vitamin b2}, folic acid), canola oil, palm oil, sugar, salt, leavening (calcium phosphate and/or baking soda), high fructose corn syrup, soy lecithin, natural flavor,	Gluten, Soybeans	en:gluten,en:soybeans			100g	100g	500	kcal	28.125	g	9.375	g	62.5	g	6.25	g	0	g	6.25	g	2031.25	mg	812.5	mg	0	% vol	500	kcal	40	kcal	0	g	0	g	0	g	0	mg	6.25	g	0	g					0	µg	0	µg	0	mg	0	µg	0	mg	0	mg	0	mg			0	mg	0	µg			0	µg	62.5	mg	125	mg	0	mg	3.125	mg	0	mg	0	mg	0	mg	0	mg	0	µg			0	mg	0	mg				en:box	en:paper										en:biscuits-and-cakes	en:sugary-snacks,en:biscuits-and-cakes	4	en:4-ultra-processed-food-and-drink-products	e	26	b	73		38402	-5	-1	0	0	-10	2018-05-03T00:00:00Z	Biscuits/Cookies	GDSN	762370	2018-03-21T00:00:00Z	2020-02-27T00:00:00Z	Databases, database-usda, App - Horizon, App - InFood, Apps, App - caloriecounterapp
0044000060237	en	Chocolate Sandwich Cookies					18.12 oz	34g			OREO	xx:oreo		Snacks, Desserts, Sweet snacks, Biscuits and cakes, Pastries, Nut macarons	en:snacks,en:desserts,en:sweet-snacks,en:biscuits-and-cakes,en:pastries,en:nut-macarons	Cocoa Life	en:cocoa-life	United States	en:united-states	Safeway,Target	safeway,target	0									Unbleached enriched flour (wheat flour, reduced iron, thiamine mononitrate, vitamin B1, riboflavin, vitamin B2, folic acid), sugar, palm oil, soybean and/or canola oil, cocoa processed with alkali, high fructose corn syrup, leavening (baking soda and/or calcium phosphate), salt, soy lecithin, chocolate, artificial flavor. Contains: wheat, soy.	Gluten, Soybeans	en:gluten,en:soybeans			serving	100g	160	kcal	7	g	2	g	25	g	14	g	1	g	1	g	325	mg	130	mg			160	kcal							0	g	0	mg	38.2352941176471	g	0	g					0	µg	0	µg	0	mg	0	µg	0	mg	0	mg	0	mg			0	mg	0	µg			0	µg	50	mg	10	mg	0	mg	2.94117647058824	mg	0	mg	0	mg	0	mg	0	mg	0	µg			0	mg	0	mg															en:biscuits-and-cakes	en:sugary-snacks,en:biscuits-and-cakes	4	en:4-ultra-processed-food-and-drink-products	e	26	d	32	1	23027	-5	-15		0	-10							App - InFood, Apps, App - Waistline, App - smoothie-openfoodfacts, App - macrofactor, App - fooducate, App - caloriecounterapp
0722252103307	en	LEMON ZEST Naturally Flavored Gluten Free Snack Bar		Luna Lemonzest			1.69 oz	1 bar (48 g)			LUNA	xx:luna	Clif Bar and Company	Snacks, Sweet snacks, Bars, Dietary supplements, Bodybuilding supplements, Protein bars	en:snacks,en:sweet-snacks,en:bars,en:dietary-supplements,en:bodybuilding-supplements,en:protein-bars	No gluten	en:no-gluten	United States	en:united-states	Target,Amazon,Clif & Company Emeryville CA USA	target,amazon,clif-company-emeryville-ca-usa	0							10330019_R23	10330019-r23	Marition Facts erving size 1 bar (48g) Calories er serving 190 Amount/serving Total Fat 6g % DV 8% Saturated Fat 2.5g 13% Trans Fat 0g Polyunsat. Fat 1g Amount/serving % DV Monounsat. Fat 2g Cholesterol Omg Insoluble Fiber 1g % DV Amount/serving %DV Amount/serving Dietary Fiber 3g 11% Protein 8g 18% 0% Sodium 85mg 4% Total Sugars 9g Total Carb. 28g 10% Incl.9g Added Sugars 17% Vit. D 0mcg 0% Calcium 74mg 6% Iron 1mg 6% Potassium 127mg 2% Vit. E 6% Phosphorus 8% Magrem 6% REDIENTS: PROTEIN GRAIN BLEND (ROLLED OATS, SOY PROTEIN ISOLATE, RICE FLOUR&quot;, ROASTED SOYBEANS, SOY FLOUR&quot;), BROWN RICE SYRUP, CANE SUGAR CORY FIBER UP HIGH OLEIC SUNFLOWER OIL, VEGETABLE GLYCERIN, PALM KERNEL OIL, PALM KERNEL SOLIDS&quot;, SOY FLOUR&quot;, NATURAL FLAVORS, LEMON JUICE CONCENTRATE COSE SYRUP LECITHIN, CITRIC ACID, SEA SALT, PECTIN, SODIUM BICARBONATE. ALLERGEN STATEMENT: CONTAINS SOY. MAY CONTAIN PEANUTS, TREE NUTS, AND MILK. GANIC INGREDIENT	Soybeans	en:soybeans	Milk, Nuts, Peanuts, Contains Soy. May contain peanuts tree nuts and milk. Gluten Free Non-GMO	en:milk,en:nuts,en:peanuts,en:contains-soy-may-contain-peanuts-tree-nuts-and-milk-gluten-free-non-gmo	serving	100g	190.08	kcal	6	g	2.501	g	28	g	9.024	g	3	g	8.016	g	0.2124	g	0.08496	g	0	% vol	190.08	kcal							0	g	0	g	0	g	0	g			2	g	0	mcg	0	g	0	mg	0	mcg	0	mg	0	mg	0	mg	0.016667	g	0	mg	0	mcg	833	µg	0	mcg	0.1272	g	0.07392	g	0	mg	1.875	mg	0	mg	0	mg	0	mg	0	mg	0	mcg	0.000109	g	0	mg	0	mg	16.7	µg		en:net										www.lunabar.com	en:biscuits-and-cakes	en:sugary-snacks,en:biscuits-and-cakes	4	en:4-ultra-processed-food-and-drink-products	not-applicable		unknown				-5	-1	0	0	-10	2018-06-17T00:00:00Z	Snack, Energy & Granola Bars	LI	540355	2018-06-17T00:00:00Z	2019-04-01T00:00:00Z	App - off, Apps, Databases, database-usda, App - yuka, App - InFood, App - macrofactor, App - smoothie-openfoodfacts, App - caloriecounterapp
0844911008775	en	Cherry Berry Ropes						4 pieces (32 g)			Joyride	xx:joyride		Snacks, Sweet snacks, Confectioneries, Candies	en:snacks,en:sweet-snacks,en:confectioneries,en:candies			United States	en:united-states	Target	target	0									soluble corn fiber, allulose, sugar, wheat flour, glycerin (vegetable), corn starch-modified, agar, sodium citrate, citric acid, natural flavor, sunflower lecithin, fumaric acid, lactic acid, fruit and vegetable extracts for color (carrot, blackcurrant), sea salt, steviol glycosides	Gluten	en:gluten			serving	100g	80	kcal	0.5	g			25	g	5	g	9	g	0	g	0.1875	g	0.075	g			80	kcal											15.625	g	0	g					0	mcg			0	mg	0	mcg	0	mg	0	mg	0	mg			0	mg	0	mcg			0	mcg					0	mg	0	mg	0	mg	0	mg	0	mg	0	mg	0	mcg			0	mg	0	mg															en:sweets	en:sugary-snacks,en:sweets	4	en:4-ultra-processed-food-and-drink-products	unknown		b	68	1	31003	-5	-15		0								App - macrofactor, Apps, App - smoothie-openfoodfacts, App - caloriecounterapp
0850180006077	en	Cashew Butter Nut Butter Filled Dark Chocolate					2.1 oz	30g			Hu	xx:hu	Hu Products LLC	Snacks, Sweet snacks, Cocoa and its products, Confectioneries, Chocolate candies, Chocolates, Dark chocolates, Dark chocolate bar	en:snacks,en:sweet-snacks,en:cocoa-and-its-products,en:confectioneries,en:chocolate-candies,en:chocolates,en:dark-chocolates,en:dark-chocolate-bar	Vegetarian, Organic, No GMOs, USDA Organic, Vegan, Made in Italy, Non GMO project, Vegan Action	en:vegetarian,en:organic,en:no-gmos,en:usda-organic,en:vegan,en:made-in-italy,en:non-gmo-project,en:vegan-action	United States, World	en:united-states,en:world	Whole Foods,Target	whole-foods,target	0				Made in Italy					Organic cacao, organic unrefined coconut sugar, organic cashew, organic cocoa butter, organic vanilla bean, sea salt.	Nuts	en:nuts	Gluten, Milk, Nuts, Soybeans	en:gluten,en:milk,en:nuts,en:soybeans	100g	100g	600	kcal	43.3333333333333	g	23.3333333333333	g	46.6666666666667	g	26.6666666666667	g	6.66666666666667	g	10	g	208.333333333333	mg	83.3333333333332	mg	0	% vol	600	kcal			0	g	0	g	0	g	0	mg	0	g	0	g					0	mcg	0	µg	0	mg	0	mcg	0	mg	0	mg	0	mg			0	mg	0	mcg			0	mcg	740	mg	140	mg	0	mg	0	mg	0	mg	0	mg	0	mg	0	mg	0	mcg			0	mg	0	mg														https://hukitchen.com/products/hu-cashew-butter-vanilla-bean	en:chocolate-products	en:sugary-snacks,en:chocolate-products	3	en:3-processed-foods	e	21	f	12	1	31005	-5	-15		0		2019-09-28T00:00:00Z	Nut & Seed Butters	LI	678432	2019-09-28T00:00:00Z	2019-12-06T00:00:00Z	Databases, database-usda, App - yuka, Apps, Labels, label-non-gmo-project, App - macrofactor, App - smoothie-openfoodfacts, App - caloriecounterapp
0024100104437	en	extra toasty			Extra Toasty		12.4 Oz	27 crackers (30 g)			Cheez-It	xx:cheez-it	Sunshine Biscuits, Inc.	Snacks, Salty snacks, Appetizers, Biscuits and crackers, Crackers (Appetizers)	en:snacks,en:salty-snacks,en:appetizers,en:biscuits-and-crackers,en:crackers-appetizers			United States	en:united-states	Target	target	0									Enriched flour (wheat flour, niacin, reduced iron, vitamin b1 [thiamin mononitrate], vitamin b2 [riboflavin], folic acid), vegetable oil (soybean and palm oil with tbhq for freshness), cheese made with skim milk (skim milk, whey protein, cheese cultures, salt, enzymes, annatto extract color). contains 2% or less of salt, dextrose, paprika, yeast, paprika extract color, soy lecithin.	Gluten, Milk, Soybeans	en:gluten,en:milk,en:soybeans			serving	100g	150	kcal	8	g	1.5	g	17	g	0	g	1	g	3	g	575	mg	230	mg			150	kcal			2	g	4	g	0	g	0	mg	0	g	0	g					0	mcg	0	µg	0	mg	0	mcg	0	mg	0	mg	0	mg			0	mg	0	mcg			0	mcg	30	mg	30	mg	0	mg	13.3333333333333	mg	0	mg	0	mg	0	mg	0	mg	0	mcg			0	mg	0	mg			1	en:box	en:cardboard	en:recycle		1	en:bag-in-box	en:plastic	en:Store drop-off, recycle if clean and dry			cheez-it.con	en:appetizers	en:salty-snacks,en:appetizers	4	en:4-ultra-processed-food-and-drink-products	d	18	b	73		38402	-5	-11	1	0		2018-09-06T00:00:00Z	Flavored Snack Crackers	LI	542645	2018-09-06T00:00:00Z	2019-04-01T00:00:00Z	Databases, database-usda, App - Yuka, Apps, App - macrofactor, App - smoothie-openfoodfacts, App - caloriecounterapp
0085239921722	en	Dark Chocolate Peanut Butter Cups					12 oz	2 pieces (25 g)			Favorite Day	xx:favorite-day		Snacks, Sweet snacks, Cocoa and its products, Confectioneries, Chocolate candies	en:snacks,en:sweet-snacks,en:cocoa-and-its-products,en:confectioneries,en:chocolate-candies			United States	en:united-states	Target	target	0									semi-sweet chocolate (sugar, unsweetened chocolate, cocoa butter, unsweetened chocolate processed with alkali, milkfat, soy lecithin, vanilla extract), peanut butter (peanuts), sugar, vegetable oil (palm kernel oil, palm oil), lactose, contains less than 2% of salt, soy lecithin (emulsifier).	Milk, Peanuts, Soybeans	en:milk,en:peanuts,en:soybeans			serving	100g	130	kcal	9	g	5	g	13	g	11	g	1	g	0	g	0.1875	g	0.075	g			130	kcal							0	g	0	g	44	g	0	g					0	µg			0	mg	0	µg	0	mg	0	mg	0	mg			0	mg	0	µg			0	µg	0	g	0	g	0	mg	0	mg	0	mg	0	mg	0	mg	0	mg	0	µg			0	mg	0	mg														https://www.target.com/p/dark-chocolate-peanut-butter-cups-candy-12oz-favorite-day-8482/-/A-89965760	en:sweets	en:sugary-snacks,en:sweets	4	en:4-ultra-processed-food-and-drink-products	e	30	unknown		1		-5	-15		0	-10							App - macrofactor, Apps, App - olive, App - caloriecounterapp
0030100182016	en	Baked Graham Cracker Snacks Cinnamon				Scooby Snacks Crackers	11 oz	9 crackers (30 g)	Box	en:box	Scooby-Doo!	xx:scooby-doo	Keebler Company	Snacks, Sweet snacks, Biscuits and cakes, Biscuits	en:snacks,en:sweet-snacks,en:biscuits-and-cakes,en:biscuits	50%+ Whole Grain	en:50-whole-grain	France, United Kingdom, United States	en:france,en:united-kingdom,en:united-states	Safeway,Target	safeway,target	0									Whole wheat flour, enriched flour (wheat flour, niacin, reduced iron, vitamin B1 [thiamin mononitrate], vitamin B2 [riboflavin], folic acid), sugar, canola oil, honey. Contains 2% or less of salt, baking soda, cinnamon, maltodextrin, soy lecithin, BHT for freshness. CONTAINS WHEAT AND SOY INGREDIENTS.	Gluten, Soybeans	en:gluten,en:soybeans			serving	100g	129.9	kcal	3.999	g			21.999	g	9	g	0.99	g	2.001	g	0.30825	g	0.1233	g			129.9	kcal			2.1	g	1.17	g					30	g	0	g	1	g	0	g	0	mcg			0	mg	0	mcg	0	mg	0	mg	0	mg	2.9	mg	0	mg	0	mcg	64	µg	0	mcg	0.0465	g	0.0999	g	0	mg	2.33333333333333	mg	0	mg	0	mg	0	mg	0	mg	0	mcg			0	mg	0	mg				en:box											en:biscuits-and-cakes	en:sugary-snacks,en:biscuits-and-cakes	4	en:4-ultra-processed-food-and-drink-products	unknown		c	52		24000	-5	-10	0	0		2018-04-10T00:00:00Z	Cookies & Biscuits	LI	545379	2018-04-10T00:00:00Z	2019-04-01T00:00:00Z	App - yuka, Apps, Databases, database-usda, App - InFood, App - smoothie-openfoodfacts, App - macrofactor, App - caloriecounterapp
0687456223537	en	Strawberry Granola Minis				Granola bites with strawberries	4.25 oz (120 g)	1 pouch (24 g)			Made Good	xx:made-good		Snacks, Sweet snacks, Bars, Cereal bars, Fruits cereal bars, Strawberry cereal bars	en:snacks,en:sweet-snacks,en:bars,en:cereal-bars,en:fruits-cereal-bars,en:strawberry-cereal-bars	Vegetarian, No gluten, Organic, Kosher, No artificial flavors, No GMOs, USDA Organic, Vegan, Certified B Corporation, FSC, FSC Recycling, GFCO Gluten Free, Kosher-parve, No artificial colors, No nuts, Non GMO project, Orthodox Union Kosher, Certified Organic by Pro-Cert, Nutrients From Vegetables, Whole Grains Council	en:vegetarian,en:no-gluten,en:organic,en:kosher,en:no-artificial-flavors,en:no-gmos,en:usda-organic,en:vegan,en:certified-b-corporation,en:fsc,en:fsc-recycling,en:gfco-gluten-free,en:kosher-parve,en:no-artificial-colors,en:no-nuts,en:non-gmo-project,en:orthodox-union-kosher,en:certified-organic-by-pro-cert,en:nutrients-from-vegetables,en:whole-grains-council	United States	en:united-states	Big Y,Target	big-y,target	0				Product of Canada	Canada	canada	FSC-C104002	fsc-c104002	PURE GLUTEN FREE OATS, STRAWBERRY FLAVORED PIECES (APPLE JUICE CONCENTRATE, APPLE PUREE CONCENTRATE, RICE FLOUR, STRAWBERRY PUREE, COCOA BUTTER, PECTIN, CHERRY JUICE CONCENTRATE, NATURAL FLAVOR), CANE SUGAR, DRIED APPLE PIECES, SUNFLOWER OIL, INVERT CANE SYRUP, AGAVE SYRUP, BROWN RICE CRISPS, INULIN, TAPIOCA STARCH, VEGETABLE EXTRACTS (SPINACH, BROCCOLI, CARROTS, TOMATOES, BEETS, SHIITAKE MUSHROOMS), NATURAL FLAVOR, BROWN RICE SYRUP, SALT.					serving	100g	100	kcal	3	g	0	g	17	g	6	g	2	g	2	g	12.5	mg	5	mg			100	kcal							0	g	0	mg	16.6666666666667	g	0	g					0	µg	4.2	µg	13.75	mg	0	µg	58.3333333333333	mg	0	mg	0	mg			0	mg	0	µg			0	µg	60	mg	10	mg	0	mg	2.91666666666667	mg	0	mg	0	mg	0	mg	0	mg	0	µg			0	mg	0	mg			1	en:box	en:recycled-paper	en:recycle		5	en:wrapper	en:composite-material	en:discard		en:bag		en:biscuits-and-cakes	en:sugary-snacks,en:biscuits-and-cakes	4	en:4-ultra-processed-food-and-drink-products	c	7	c	48		31113	-5	-15	0	0								App - yuka, Apps, App - smoothie-openfoodfacts, App - caloriecounterapp
0753656710969	en	Salted caramel protein+ bar imp					40 g	1 BAR (40 g)			Think! Protein, Thinkthin  Llc	xx:think-protein,xx:thinkthin-llc	ThinkThin, LLC	Snacks, Dietary supplements, Bodybuilding supplements, Protein bars	en:snacks,en:dietary-supplements,en:bodybuilding-supplements,en:protein-bars	No gluten	en:no-gluten	United States	en:united-states	Target	target	0									Protein blend (soy protein isolate, whey protein isolate, calcium caseinate), brown rice syrup, prebiotic tapioca fiber, dark chocolate coating (sugar, chocolate, cocoa butter, soy lecithin, vanilla), glycerin, almonds, soy crisps (soy protein isolate, tapioca starch), sunflower oil, chicory fiber, natural flavors, sea salt, lecithin, caramel (sugar, water), vitamin and mineral blend [magnesium oxide, dicalcium phosphate, ascorbic acid (vitamin c), niacinamide, pyridoxine hydrochloride (vitamin b6), riboflavin (vitamin b2), thiamin mononitrate (vitamin b1), vitamin a (as palmitate), folic acid, cyanocobalamin (vitamin b12)]	Milk, Nuts, Soybeans	en:milk,en:nuts,en:soybeans	Contains soy milk, Contains tree nuts (contains almonds)	en:soybeans,en:nuts	100g	100g	375	kcal	11.25	g	5	g	50	g	12.5	g	12.5	g	25	g	1.27	g	0.508	g			375	kcal							0	g	0	mg									1250	IU							15	mg	0	mg	0.637	mg	5	mg	0.5	mg					1.5	µg			100	mg			2.7	mg	150	mg																															4	en:4-ultra-processed-food-and-drink-products	not-applicable		unknown		1		-5	-15		0		2019-10-29T00:00:00Z	Snack, Energy & Granola Bars	LI	797215	2019-10-29T00:00:00Z	2020-04-01T00:00:00Z	App - off, Apps, Databases, database-usda, App - yuka, Database - USDA NDB
0028400666558	en	Poppin' Jalapeno Doritos				Cheese Tortilla Chips	9 oz		Bag	en:bag	doritos, frito-lay, pepsico	xx:doritos,xx:frito-lay,xx:pepsico		Snacks, Salty snacks, Appetizers, Chips and fries, Crisps, Corn chips	en:snacks,en:salty-snacks,en:appetizers,en:chips-and-fries,en:crisps,en:corn-chips	Vegetarian	en:vegetarian	United States	en:united-states	Target,Walmart	target,walmart	0		Plano TX	en:plano-tx		Plano TX	plano-tx			"Corn, Vegetable Oil (Sunflower, Corn, and/or Canola oil), Whey, Salt, Maltodextrin (Made From Corn), Monosodium Glutamate, Buttermilk, Romano Cheese (Cow‘s Milk. Cheese Cultures, Salt, Enzymes). Cheddar Cheese (Milk Cheese Cultures, Salt, Enzymes. Onion Powder, Sugar, Corn Starch, Natural and Artificial Flavor, Spices, Lactose, Jalapeno Pepper. Garlic Powder. Modified Corn Starch, Dextrose. Sodium Caseinate, Skim Milk, Lactic Acid, Citric Acid, Malic Acid, Artificial Color “Blue 1, Red 40). Disodium Inosinate, Disodium Guanylate."	Milk	en:milk	"en:milk"	en:en-milk	100g	100g			8	g	1	g	18	g	1	g			2	g	482.6	mg	193.04	mg																																																																										en:bag											en:appetizers	en:salty-snacks,en:appetizers	4	en:4-ultra-processed-food-and-drink-products	unknown		b	68		38105	-5	-10	0	0								
0014100085614	en	Baby Cheddar					204 g	89 pleces (30 g)	Bag	en:bag	Goldfish	xx:goldfish	PEPPERIDGE FARM	Snacks, Salty snacks, Sweet snacks, Appetizers, Biscuits and cakes, Biscuits and crackers, Biscuits, Crackers (Appetizers)	en:snacks,en:salty-snacks,en:sweet-snacks,en:appetizers,en:biscuits-and-cakes,en:biscuits-and-crackers,en:biscuits,en:crackers-appetizers			United States	en:united-states	Target	target	0		"États-Unis"	en:etats-unis		"États-Unis"	etats-unis			Made with smiles and enriched wheat flour (flour, niacin, reduced iron, thiamine mononitrate, riboflavin, folic acid), cheddar cheese ([cultured milk, salt, enzymes], annatto), canola and/or sunflower oils, contains 2 percent or less of: salt, yeast, sugar, autolyzed yeast, baking soda, paprika, spices, celery, monocalcium phosphate, onion powder. contains: wheat, milk.	Celery, Gluten, Milk	en:celery,en:gluten,en:milk	fr:ble-et-lait	fr:ble-et-lait	serving	100g	140	kcal	5	g	1	g	20	g	0	g	1	g	3	g	0.625	g	0.25	g			140	kcal			2	g	1	g	0	g	0.01	g	0	g	0	g					0	mcg	0	g	0	mg	0	mcg	0	mg	0	mg	0	mg	5.333	mg	0.666666666666667	mg	0	mcg	133	µg	0	mcg	0.05	g	0.04	g	0	mg	1	mg	0	mg	0	mg	0	mg	0	mg	0	mcg			0	mg	0	mg				en:bag										GoldfishSmiles.com	en:biscuits-and-cakes	en:sugary-snacks,en:biscuits-and-cakes	4	en:4-ultra-processed-food-and-drink-products	d	17	b	72		38402	-5	-10	0	0		2019-07-27T00:00:00Z	Biscuits/Cookies	GDSN	613838	2019-07-21T00:00:00Z	2019-12-06T00:00:00Z	App - yuka, Apps, Databases, database-usda, App - macrofactor, App - caloriecounterapp
0644225730269	en	S'mores Protein Energy Bar					7 oz	1 serving (40 g)			power crunch	xx:power-crunch		Snacks, Sweet snacks, Bars, Dietary supplements, Bodybuilding supplements, Energy bars, Protein bars, Protein Energy Bars	en:snacks,en:sweet-snacks,en:bars,en:dietary-supplements,en:bodybuilding-supplements,en:energy-bars,en:protein-bars,en:protein-energy-bars			United States	en:united-states	Target	target	0									Proto Whey protein blend, palm oil, enriched flour, sugar, palm kernel oil, canola oil, fructose, natural flavors, milk, cocoa processed with alkali, soy lecithin, sucralose, salt, baking soda, ammonium bicarbonate, stevia leaf extract	Milk, Soybeans	en:milk,en:soybeans			serving	100g	550	kcal	35	g	17.5	g	27.5	g	12.5	g	2.5	g	32.5	g	812.5	mg	325	mg	0	% vol	550	kcal			0	g	0	g	0	g	37.5	mg	12.5	g	0	g					0	mcg	0	mcg	0	mg	0	mcg	0	mg	0	mg	0	mg			0	mg	0	mcg			0	mcg	300	mg	175	mg	0	mg	1.25	mg	0	mg	0	mg	0	mg	0	mg	0	mcg			0	mg	0	mg															en:biscuits-and-cakes	en:sugary-snacks,en:biscuits-and-cakes	4	en:4-ultra-processed-food-and-drink-products	not-applicable		unknown		1		-5	-15		0	-10							App - yuka, Apps, App - smoothie-openfoodfacts, App - macrofactor, App - caloriecounterapp
0073490123504	en	Tea biscuits	Tea Biscuits				119g	6 biscuits (30 g)			Kedem	xx:kedem	Royal Wine Corporation	Snacks, Sweet snacks, Biscuits and cakes, Biscuits	en:snacks,en:sweet-snacks,en:biscuits-and-cakes,en:biscuits	Kosher, No cholesterol, Orthodox Union Kosher	en:kosher,en:no-cholesterol,en:orthodox-union-kosher	United States	en:united-states	target	target	0									Wheat flour, sugar, vegetable shortening (contains one or more of the following oils: soybean, palm, canola, sunflower), corn starch, baking powder (sodium bicarbonate & ammonium bicarbonate), lecithin (soy based), sodium metabisulfite, salt, artificial flavors, sodium acid pyrophosphate, natural antioxidant (rosemary oil).	Gluten, Soybeans	en:gluten,en:soybeans			serving	100g	130	kcal	3	g	1	g	23	g	6	g	1	g	2	g	0.2375	g	0.095	g			130	kcal											6	g																																																																					en:biscuits-and-cakes	en:sugary-snacks,en:biscuits-and-cakes	4	en:4-ultra-processed-food-and-drink-products	d	15	d	40	1	24000	-5	-15		0	-10	2018-10-05T00:00:00Z	Cookies & Biscuits	LI	376282	2018-10-05T00:00:00Z	2019-04-01T00:00:00Z	Databases, database-usda, App - yuka, Apps, Database - USDA NDB, App - smoothie-openfoodfacts, App - macrofactor
0026200144405	en	Smoked Snack Stick				Snack-sized smoked meat stick	14 PCK, 3.92 OZ	4 sticks (100 g)			Slim Jim	xx:slim-jim		Snacks	en:snacks	No artificial flavors	en:no-artificial-flavors	United States	en:united-states	Walmart,Target,Food Lion	walmart,target,food-lion	0									Beef, Pork, Mechanically Separated Chicken, Water, Textured Soy Flour, Corn Syrup, Salt, Contains Less Than 2% of: Natural Flavors, Dextrose, Paprika & Extractives of Paprika, Hydrolyzed Soy Protein, Maltodextrin, Lactic Acid Starter Culture, Barley Malt Extract, Citric Acid, Soy Lecithin, Sodium Nitrite.  Contains: Soy.	Beef, Gluten, Pork, Soybeans	en:beef,en:gluten,en:pork,en:soybeans			serving	100g	150	kcal	11	g	4	g	6	g	1	g	1	g	6	g	0.53	g	0.212	g			150	kcal									0.035	g			0	g																													0.75	g	0.04	g			0.0025	g															0	mg														www.slimjim.com			4	en:4-ultra-processed-food-and-drink-products	c	4	unknown		1		-5	-15		0								App - yuka, Apps, App - InFood, App - smoothie-openfoodfacts, App - caloriecounterapp, App - macrofactor
0819597010213	en	Dairy Free Dark 69% Cacao Morsels				Vegan chocolate	9 oz (255g)	1 Tbsp (15 g)			Enjoy Life	xx:enjoy-life	Enjoy Life Natural Brands, LLC	Snacks, Sweet snacks, Cocoa and its products, Confectioneries, Chocolate candies, Chocolates, Dark chocolates, Baking decorations	en:snacks,en:sweet-snacks,en:cocoa-and-its-products,en:confectioneries,en:chocolate-candies,en:chocolates,en:dark-chocolates,en:baking-decorations	Vegetarian, No gluten, No GMOs, Vegan, Certified gluten-free, Non GMO project	en:vegetarian,en:no-gluten,en:no-gmos,en:vegan,en:certified-gluten-free,en:non-gmo-project	United States, World	en:united-states,en:world	Whole Foods,Target,Amazon,HEB	whole-foods,target,amazon,heb	0									UNSWEETENED CHOCOLATE, CANE SUGAR, COCOA BUTTER					100g	100g	70	kcal	6	g	3.5	g	8	g	5	g	2	g	1	g	0	g	0	g			70	kcal							0	g	0	mg	33.3333333333333	g	0	g					0	mcg	0	µg	0	mg	0	mcg	0	mg	0	mg	0	mg			0	mg	0	mcg			0	mcg	110	mg	10	mg	0	mg	0	mg	0	mg	0	mg	0	mg	0	mg	0	mcg			0	mg	0	mg														https://enjoylifefoods.com/collections/baking-chocolate/products/dark-chocolate-morsels-3	en:chocolate-products	en:sugary-snacks,en:chocolate-products	3	en:3-processed-foods	c	4	e	15	1	31005	-5	-15		0		2019-08-01T00:00:00Z	Baking Decorations & Dessert Toppings	LI	667396	2019-08-01T00:00:00Z	2019-12-06T00:00:00Z	Databases, database-usda, App - yuka, Apps, Database - USDA NDB, App - InFood, App - IsVe, Labels, label-non-gmo-project, App - caloriecounterapp
0041116305955	fr	Baby Bottle Pop	Baby Bottle Pop (BonBon)			Bottle Pop	480g	24g			Bazooka	xx:bazooka		Snacks, Snacks sucrés, Confiseries, Bonbons	en:snacks,en:sweet-snacks,en:confectioneries,en:candies			"Canada, États-Unis"	en:canada,en:united-states	Walmart,Target	walmart,target	0		"États-Unis"	en:united-states	United States of America	Canada,Usa	canada,usa			Sugar, Dextrose, Glucose Syrup	en:Sugar	en:sugar			100g	100g							23	g	19	g					37.5	g	15	g																																																																																				https://www.babybottlepopcandy.com/	en:sweets	en:sugary-snacks,en:sweets	4	en:4-ultra-processed-food-and-drink-products	unknown		c	48	1	31003	1	-15		0								App - Yuka, Apps
0085239196465	en	Date and nut pumpkin pie bar					8 oz	1 bar (45 g)			Good & Gather	xx:good-gather		Plant-based foods and beverages, Plant-based foods, Fruits and vegetables based foods, Snacks, Sweet snacks, Fruits based foods, Nuts and their products, Fruits, Bars, Nut bars, Date bars	en:plant-based-foods-and-beverages,en:plant-based-foods,en:fruits-and-vegetables-based-foods,en:snacks,en:sweet-snacks,en:fruits-based-foods,en:nuts-and-their-products,en:fruits,en:bars,en:nut-bars,en:date-bars	No gluten, Vegetarian, No GMOs, Vegan, Non GMO project	en:no-gluten,en:vegetarian,en:no-gmos,en:vegan,en:non-gmo-project	United States	en:united-states	Target	target	0		Canada	en:canada						DATES, CASHEWS, ORGANIC PUMPKIN POWDER, ORGANIC DRIED GINGER, CINNAMON, NUTMEG, ALLSPICE. CONTAINS CASHEW MAY CONTAIN EGG, PEANUT, SOY AND OTHER TREE NUTS	Nuts	en:nuts	Nuts, Peanuts, Soybeans	en:nuts,en:peanuts,en:soybeans	serving	100g	180	kcal	8	g	1.5	g	26	g	18	g	3	g	4	g	0	g	0	g			180	kcal							0	g	0	g	0	g									0	g																					0.38	g	0.01	g			0.0029	g																															en:biscuits-and-cakes	en:sugary-snacks,en:biscuits-and-cakes	3	en:3-processed-foods	d	13	unknown		1		2	-15		0								App - yuka, Apps, App - macrofactor, App - smoothie-openfoodfacts
0085239164341	en	Brookie Tiny Treat					336 g	28 g			Favorite Day	xx:favorite-day		Snacks, Sweet snacks, Biscuits and cakes, Biscuits, Cakes, Chocolate cakes, Brownies	en:snacks,en:sweet-snacks,en:biscuits-and-cakes,en:biscuits,en:cakes,en:chocolate-cakes,en:brownies	Kosher, Orthodox Union Kosher	en:kosher,en:orthodox-union-kosher	United States	en:united-states	Target	target	0				Canada					Sugar, Bleached Enriched Wheat Flour (Wheat Flour, Niacin, Reduced Iron, Thiamine Mononitrate, Riboflavin, Folic Acid). Soybean Oil, Egg Whites, Water, Vegetable Oil Shortening (Palm Oil, Canola Oil), Invert Sugar, Semi-Sweet Chocolate Chips (Sugar, Chocolate Liquor, Cocoa Butter, Soy Lecithin [Emulsifier) , Vanilla Extract), Corn Syrup, Semi-Sweet Chocolate (Sugar, Chocolate Liquor, Cocoa Butter, Soy Lecithin [Emulsifier), Vanilla Extract), Cocoa Powder Processed With Alkali, Artificial And Natural Flavor, Salt, Modified Corn Starch, Whey (Milk), Leavening Blend (Sodium Acid Pyrophosphate, Sodium Bicarbonate, Corn Starch, Monocalcium Phosphate, Calcium Sulfate), Soy Lecithin, Molasses.	Eggs, Gluten, Milk, Soybeans	en:eggs,en:gluten,en:milk,en:soybeans	Nuts, Peanuts	en:nuts,en:peanuts	serving	100g	120	kcal	7	g	1.5	g	15	g	9	g	1	g	1	g	137.5	mg	55	mg			120	kcal							0	g	0	g																																	50	mg					0.8	mg																															en:biscuits-and-cakes	en:sugary-snacks,en:biscuits-and-cakes	4	en:4-ultra-processed-food-and-drink-products	e	20	f	14	1	23032	-5	-15		0	-10							App - Open Food Facts, Apps
0040000525424	en	Milk chocolate & caramel candy, milk chocolate & caramel					215.7 g	4 Pieces (32 g)	Plastic bag	en:plastic-bag	Dove	xx:dove	Mars Chocolate North America LLC	Snacks, Sweet snacks, Cocoa and its products, Confectioneries, Chocolate candies, Bonbons	en:snacks,en:sweet-snacks,en:cocoa-and-its-products,en:confectioneries,en:chocolate-candies,en:bonbons	Kosher, Orthodox Union Kosher	en:kosher,en:orthodox-union-kosher	United States	en:united-states	Target	target	0									Milk chocolate (sugar, cocoa butter, skim milk, chocolate, milkfat, lactose, soy lecithin, artificial flavor), caramel (corn syrup, hydrogenated palm kernel oil and/or palm oil, sugar, skim milk, milkfat, lactose, salt, potassium sorbate to maintain freshness, chocolate, artificial flavor).	Milk, Soybeans	en:milk,en:soybeans	Milk, Soybeans	en:milk,en:soybeans	100g	100g	500	kcal	28.12	g	18.75	g	59.38	g	53.12	g	0	g	6.25	g	272.5	mg	109	mg			500	kcal							0	g	16	mg											0	µg																					0	mg	156	mg			0	mg																				en:bag	en:plastic										en:sweets	en:sugary-snacks,en:sweets	4	en:4-ultra-processed-food-and-drink-products	e	32	unknown				-5	-10	1	0	-10	2019-01-19T00:00:00Z	Chocolate	LI	717020	2019-01-19T00:00:00Z	2019-12-06T00:00:00Z	App - yuka, Apps, Databases, database-usda
0021908109329	en	Chocolate Chip Cookie Kid's Bar					6 bars 0.96 oz	1 BAR (27 g)			Larabar	xx:larabar	Small Planet Foods, Inc.	Snacks, Sweet snacks, Biscuits and cakes, Biscuits, Chocolate biscuits, Drop cookies, Chocolate chip cookies	en:snacks,en:sweet-snacks,en:biscuits-and-cakes,en:biscuits,en:chocolate-biscuits,en:drop-cookies,en:chocolate-chip-cookies	No gluten, No GMOs, Non GMO project	en:no-gluten,en:no-gmos,en:non-gmo-project	United States, World	en:united-states,en:world	Giant,Target	giant,target	0									BUCKWHEAT FLOUR, HONEY, SEMISWEET CHOCOLATE CHIPS (UNSWEETENED CHOCOLATE, CANE SUGAR, COCOA BUTTER, VANILLA EXTRACT), CANE SUGAR, COCONUT OIL, CHIA SEEDS, WATER, SEA SALT.	Coconut	en:coconut	Nuts, Peanuts	en:nuts,en:peanuts	100g	100g	120	kcal	5	g	4	g	17	g	10	g	1	g	1	g	137.5	mg	55	mg			120	kcal							0	g	0	mg	10	g									0	µg																					0	mg	0	mg			0.8	mg																														https://www.larabar.com/our-products/larabar-kids/chocolate-chip-cookie	en:biscuits-and-cakes	en:sugary-snacks,en:biscuits-and-cakes	3	en:3-processed-foods	c	6	c	47	1	24684	-5	-15		0		2019-07-11T00:00:00Z	Snack, Energy & Granola Bars	LI	720254	2019-07-11T00:00:00Z	2019-12-06T00:00:00Z	Databases, database-usda, App - yuka, Apps, Labels, label-non-gmo-project, App - smoothie-openfoodfacts
0024100115099	en	Cheez it extra toasty baked snack crackers					21 oz	27 CRACKERS (30 g)	Card-box	en:card-box			Sunshine Biscuits, Inc.	Snacks, Salty snacks, Appetizers, Biscuits and crackers, Crackers (Appetizers)	en:snacks,en:salty-snacks,en:appetizers,en:biscuits-and-crackers,en:crackers-appetizers			United States	en:united-states	Target	target	0									enriched flour (wheat flour, niacin, reduced iron, vitamin b1 [thiamin mononitrate], vitamin b2 [riboflavin], folic acid), vegetable oil (soybean and palm oil with tbhq for freshness), cheese made with skim milk (skim milk, whey protein, salt, cheese cultures, enzymes, annatto extract color), contains 2% or less of salt, dextrose, paprika, yeast, paprika extract color, soy lecithin,	Gluten, Milk, Soybeans	en:gluten,en:milk,en:soybeans			100g	100g	500	kcal	26.666666666667	g	5	g	56.666666666667	g	0	g	3.3333333333333	g	10	g	1.9166666666667	g	0.76666666666668	g			500	kcal			6.67	g	13.33	g	0	g	0	mg																																	67	mg	117	mg			3.33	mg																				en:box											en:appetizers	en:salty-snacks,en:appetizers	4	en:4-ultra-processed-food-and-drink-products	d	18	b	72		38402	-5	-10	0	0		2019-04-17T00:00:00Z	Flavored Snack Crackers	LI	710618	2019-04-17T00:00:00Z	2019-12-06T00:00:00Z	App - yuka, Apps, Databases, database-usda, App - InFood, App - Horizon, App - smoothie-openfoodfacts
0085239193884	en	Unsalted raw almonds, unsalted					297 g	1 ONZ (28 g)			Target Stores	xx:target-stores	Target Stores	Snacks	en:snacks			United States	en:united-states	Target	target	0									Almonds.	Nuts	en:nuts	Nuts, Peanuts	en:nuts,en:peanuts	100g	100g	571	kcal	50	g	3.57	g	21.43	g	3.57	g	14.3	g	21.43	g	0	mg	0	mg			571	kcal			32.14	g	12.5	g	0	g	0	mg									0	IU							0	mg			1.071	mg											714	mg	286	mg	464	mg	3.57	mg	268	mg			1.071	mg	2	mg																									1	en:1-unprocessed-or-minimally-processed-foods	c	6	unknown		1		-5	-15		0		2019-07-11T00:00:00Z	Popcorn, Peanuts, Seeds & Related Snacks	LI	633424	2019-07-11T00:00:00Z	2019-12-06T00:00:00Z	Databases, database-usda, Database - USDA NDB
0085239988558	en	Jack-o'-Lantern Cheese Balls						28 g			Target	target		Snacks, Salty snacks, Appetizers, Biscuits and crackers, Crackers (Appetizers), Puffed salty snacks	en:snacks,en:salty-snacks,en:appetizers,en:biscuits-and-crackers,en:crackers-appetizers,en:puffed-salty-snacks			United States	en:united-states	Target	target	0									CORNMEAL (DEGERMINATED), VEGETABLE OIL (CONTAINS ONE OR MORE OF THE FOLLOWING: SUNFLOWER, CORN, OR CANOLA OIL), CHEESE FLAVORED SEASONING (WHEY, MALTODEXTRIN, REDUCED LACTOSE WHEY, SALT, NATURAL CHEDDAR CHEESE FLAVOR, ARTIFICIAL FLAVOR, CREAM, NATURAL BLUE CHEESE FLAVOR, ARTIFICIAL COLOR [YELLOW 6, EXTRACTIVES OF TURMERIC, YELLOW 5], WHEY PROTEIN CONCENTRATE, LACTIC ACID, CITRIC ACID), DEPROTEINIZED WHEY, SALT, ENRICHMENT BLEND (FERROUS SULFATE, NIACIN, THIAMINE MONONITRATE, RIBOFLAVIN, FOLIC ACID).	Milk	en:milk			serving	100g	160	kcal	9	g	1	g	16	g	3	g	1	g	2	g	500	mg	200	mg			160	kcal							0	g	0	mg	1	g									0	µg																					100	mg	0	mg			0.7	mg																															en:appetizers	en:salty-snacks,en:appetizers	4	en:4-ultra-processed-food-and-drink-products	e	20	b	67	1	38407	-5	-15		0								App - InFood, Apps
0085239035573	en	Good & Gather Raw Mixed Nut					850g	1/4 cup (28g)			Good & Gather	good-gather	Target Stores	Plant-based foods and beverages, Plant-based foods, Snacks, Nuts and their products, Nuts, Raw Mixed Nuts	en:plant-based-foods-and-beverages,en:plant-based-foods,en:snacks,en:nuts-and-their-products,en:nuts,en:raw-mixed-nuts			United States	en:united-states	Target	target	0									ALMONDS, CASHEWS, WALNUTS, HAZELNUTS (FILBERTS), PISTACHIOS. CONTAINS ALMOND, CASHEW HAZELNUT, PISTACHIO AND WALNUT PROCESSED IN A FACILITY THAT ALSO HANDLES EGG, MILK, PEANUT, SESAME, SOY, OTHER TREE NUT AND WHEAT INGREDIENTS	Milk, Nuts, Peanuts, Sesame seeds, Soybeans	en:milk,en:nuts,en:peanuts,en:sesame-seeds,en:soybeans			100g	100g	160	kcal	14	g	1.5	g	6	g	1	g	2	g	5	g	0.48	g	0.192	g			160	kcal							0	g	0	g																					0.00013	g											0.19	g	0.04	g	0.13	g	0.0013	g	0.065	g			0.00044	g	0.00069	g											1	en:jar	en:plastic										en:nuts	en:salty-snacks,en:nuts	1	en:1-unprocessed-or-minimally-processed-foods	b	2										2019-10-08T00:00:00Z	Popcorn, Peanuts, Seeds & Related Snacks	LI	692316	2019-10-08T00:00:00Z	2019-12-06T00:00:00Z	Databases, database-usda, App - smoothie-openfoodfacts, Apps
0028400637640	en	Doritos Organic White Cheddar Tortilla Chips					224g	28g			Frito-Lay, Simply	frito-lay,simply		Dairies, Fermented foods, Fermented milk products, Snacks, Cheeses, Salty snacks, Appetizers, Chips and fries, Crisps, Corn chips	en:dairies,en:fermented-foods,en:fermented-milk-products,en:snacks,en:cheeses,en:salty-snacks,en:appetizers,en:chips-and-fries,en:crisps,en:corn-chips	Organic, No GMOs, USDA Organic, Contains milk, Non GMO project	en:organic,en:no-gmos,en:usda-organic,en:contains-milk,en:non-gmo-project	United States, World	en:united-states,en:world	Walmart,Target,Kroger,Market Street	walmart,target,kroger,market-street	0		United States	en:united-states						organic corn, organic expeller-pressed sunflower oil, organic cheddar cheese (milk, cheese cultures, salt, enzymes), organic maltodextrin (corn, sea salt, organic sweet cream buttermilk, organic tomato powder, natural flavors, organic onion powder, organic romano cheese (cow's milk, cheese cultures, salt, enzymes), organic butter (cream, salt), organic skim milk, organic spices, citric acid, organic garlic powder, organic cream, lactic acid	Milk	en:milk			serving	100g	150	kcal	8	g	0	g	17	g	0	g	1	g	2	g	425	mg	170	mg			150	kcal							0	g	0	mg																																																																						https://fritolay.com	en:appetizers	en:salty-snacks,en:appetizers	4	en:4-ultra-processed-food-and-drink-products	c	10																App - yuka, Apps, App - InFood, App - smoothie-openfoodfacts, Labels, label-non-gmo-project
0859969210452	en	Perfect Bar Chocolate Chip Cookie Dough					1 bar (62 g)	1bar (62 g)			Perfect Bar	perfect-bar		Snacks, Sweet snacks, Specific products, Bars, Products for specific diets, Products without gluten, Dietary supplements, Bodybuilding supplements, Energy bars, Protein bars, Protein Energy Bars	en:snacks,en:sweet-snacks,en:specific-products,en:bars,en:products-for-specific-diets,en:products-without-gluten,en:dietary-supplements,en:bodybuilding-supplements,en:energy-bars,en:protein-bars,en:protein-energy-bars	Fair trade, No gluten, Organic, AKA, Low GI	en:fair-trade,en:no-gluten,en:organic,en:aka,en:low-gi	United States	en:united-states	Aldi,Target,Jewel-Osco	aldi,target,jewel-osco	0									Peanut Butter, Cashew Butter, Maple Syrup*, Nonfat Dry Milk, Honey, Dark Chocolate (Chocolate+ Cane Sugar, Cocoa Butter), Rice Protein, Dried Whole Egg 7% Powder, Vanilla Extract, Sea Salt, Dried Whole Food Powders (Kale, Flax Seed&quot;, Rose Hip*, Orange, Lemon*, Papaya, Tomato, Apple, Alfalfa, Celery, Kelp, Dulse&quot;, Carrot, Spinach), Flax Seed Oil&quot;, Sesame Seed Oil*, Olive Oil*, Pumpkin Seed Oil*. 9% 8% *Organic Fair Trade Ingredients ALLERGEN WARNING: CONTAINS PEANUTS, CASHEWS, 24% MILK, EGGS AND SESAME. PRODUCED ON EQUIPMENT 18% thenic ALSO HANDLING OTHER TREE NUTS. MAY CONTAIN OCCASIONAL NUT SHELLS. LOW GLYCEMIC Low Glycemic Index (GI) foods digest slowly to keep you fuller, longer	Apple, Celery, Eggs, Milk, Nuts, Orange, Peanuts, Sesame seeds	en:apple,en:celery,en:eggs,en:milk,en:nuts,en:orange,en:peanuts,en:sesame-seeds			serving	100g	310	kcal	18	g			25	g			2	g	12	g	0.375	g	0.15	g			310	kcal									0.015	g	12	g																																																									1	en:rectangular	en:plastic									https://perfectsnacks.com	en:biscuits-and-cakes	en:sugary-snacks,en:biscuits-and-cakes	3	en:3-processed-foods	unknown																	App - smoothie-openfoodfacts, Apps
0040000528548	en	Chocolate candies					10.7 oz	1.5 ONZ (42 g)			M & M's	m-m-s	Mars Chocolate North America LLC	Snacks, Sweet snacks, Cocoa and its products, Confectioneries, Chocolate candies, Candies	en:snacks,en:sweet-snacks,en:cocoa-and-its-products,en:confectioneries,en:chocolate-candies,en:candies			Switzerland, United States	en:switzerland,en:united-states	Target	target	0									milk chocolate (sugar, chocolate, skim milk, cocoa butter, lactose, milkfat, soy lecithin, salt, artificial flavors), sugar, cornstarch, less than 1% - corn syrup, dextrin, coloring (includes blue 1 lake, red 40, blue 1, yellow 6, red 40 lake, yellow 6 lake, yellow 5, yellow 5 lake, blue 2 lake, blue 2), gum acacia,	Milk, Soybeans	en:milk,en:soybeans			100g	100g	476	kcal	19.05	g	11.9	g	73.81	g	66.67	g	2.4	g	4.76	g	177.5	mg	71	mg			476	kcal							0	g	12	mg									238	IU																									95	mg			0.86	mg																															en:sweets	en:sugary-snacks,en:sweets	4	en:4-ultra-processed-food-and-drink-products	e	30										2018-04-10T00:00:00Z	Chocolate	LI	579313	2018-04-10T00:00:00Z	2019-04-01T00:00:00Z	Databases, database-usda, App - InFood, Apps
2785530701150	en	guacamole salsa					15 oz		Glass	en:glass	on the border	on-the-border		Snacks	en:snacks			United States	en:united-states	target	target	0		United States	en:united-states		true enterprise	true-enterprise			WATER, TOMATILLOS, SOYBEAN OIL, GREEN CHILE PEPPERS, AVOCADO PURE (AVOCADO, SODIUM ALGINATE), CILANTRO, ONIONS, SALT, DEHYDRATED ONION, NATURAL FLAVORS, SUGAR, LIME JUICE CONCENTRATE, XANTHAN GUM, ASCORBIC ACID (TO PROTECT FLAVOR), DEHYDRATED GARLIC, CITRIC ACID (TO ACIDIFY), SODIUM ERYTHORBATE, DEHYDRATED CILANTRO, YELLOW 5, BLUE 1, AND YELLOW 6. REFRIGERATE	Soybeans	en:soybeans			100g	100g																																																																																													en:glass												4	en:4-ultra-processed-food-and-drink-products	unknown																	App - Open Food Facts, Apps
0085239323083	en	Sea salt roasted jumbo cashews				Cashews	850 g	1 ONZ (28 g)	Plastic	en:plastic	Archer farms, Target Stores	archer-farms,target-stores	Target Stores	Snacks, Cashews	en:snacks,en:cashews			United States	en:united-states	Target	target	0									Cashews, vegetable oil (peanut, cottonseed, soybean and/or sunflower seed), sea salt.	Nuts, Peanuts, Soybeans	en:nuts,en:peanuts,en:soybeans	Nuts, Peanuts	en:nuts,en:peanuts	100g	100g	571	kcal	46.43	g	8.93	g	28.57	g	3.57	g	3.6	g	17.86	g	982.5	mg	393	mg	0	% vol	571	kcal	120	kcal					0	g	0	mg									0	IU							0	mg																	71	mg			6.43	mg																					en:plastic												3	en:3-processed-foods	e	19										2018-06-14T00:00:00Z	Popcorn, Peanuts, Seeds & Related Snacks	LI	478349	2018-06-14T00:00:00Z	2019-04-01T00:00:00Z	Databases, database-usda, Database - USDA NDB
0658010123921	en	high protein weight loss bar, chocolate fudge					220 g	1 BAR (55 g)	Cardboard box	en:cardboard-box	Garden of Life	garden-of-life	Garden of Life, Inc.	Snacks, Dietary supplements, Bodybuilding supplements, Protein bars	en:snacks,en:dietary-supplements,en:bodybuilding-supplements,en:protein-bars	No gluten, Organic, No GMOs, USDA Organic, Non GMO project	en:no-gluten,en:organic,en:no-gmos,en:usda-organic,en:non-gmo-project	United States	en:united-states	Target	target	0					United States	united-states			Organic soluble tapioca fiber, organic vegetable glycerin, organic almonds, organic pea protein, organic chocolate coating (organic cocoa nibs, organic erythritol, organic tapioca fiber, organic cocoa butter, natural licorice flavor, organic stevia extract (leaf), organic sunflower lecithin, organic vanilla bean extract), organic pea crisps (organic pea protein, organic starch), organic sprouted brown rice protein, organic cacao, organic acacia fiber, organic carob, organic flavor, organic svetol green coffee bean extract, organic ashwagandha, sea salt, organic cinnamon.	Nuts	en:nuts	Eggs, Milk, Nuts, Peanuts, Soybeans	en:eggs,en:milk,en:nuts,en:peanuts,en:soybeans	100g	100g	364	kcal	12.73	g	2.73	g	49.09	g	1.82	g	25.5	g	25.45	g	545	mg	218	mg			364	kcal							0	g	0	mg											1	µg									0.182	mg											309	mg	284	mg			5.45	mg	111	mg																		en:box	en:cardboard												4	en:4-ultra-processed-food-and-drink-products	a	-4										2018-11-01T00:00:00Z	Snack, Energy & Granola Bars	LI	598774	2018-11-01T00:00:00Z	2019-04-01T00:00:00Z	Databases, database-usda
